milepost-codelet-mibench-automotive-bitcount-src-bitcnts-codelet-1-1/bitcnts.codelet__1/astex_codelet__1,5315.588412
milepost-codelet-mibench-automotive-bitcount-src-bitcnts-codelet-1-1/bitcnts.codelet__1.wrapper/main,5331122829
milepost-codelet-mibench-automotive-basicmath-isqrt-codelet-1-1/isqrt.codelet__1/astex_codelet__1,5605.633114
milepost-codelet-mibench-automotive-basicmath-isqrt-codelet-1-1/isqrt.codelet__1.wrapper/main,5334646725
shared-bzip2-1.0.5/bzip2/copyFileName,17663.6
shared-bzip2-1.0.5/bzip2/addFlagsFromEnvVar,15551
shared-bzip2-1.0.5/bzip2/myMalloc,37749.75
shared-bzip2-1.0.5/bzip2/snocString,33549.42857142857
shared-bzip2-1.0.5/bzip2/hasSuffix,13284
shared-bzip2-1.0.5/bzip2/mapSuffix,30440
shared-bzip2-1.0.5/bzip2/fileExists,58651
shared-bzip2-1.0.5/bzip2/saveInputFileMetaInfo,48510
shared-bzip2-1.0.5/bzip2/fopen_output_safely,102136
shared-bzip2-1.0.5/bzlib/BZ2_bzDecompressInit,53662
shared-bzip2-1.0.5/bzlib/BZ2_bzReadOpen,43808
shared-bzip2-1.0.5/bzip2/myfeof,6470.009756097561
shared-bzip2-1.0.5/decompress/makeMaps_d,14113.5
shared-bzip2-1.0.5/decompress/BZ2_decompress,2097330.06
shared-bzip2-1.0.5/bzlib/BZ2_bzDecompress,15103.65064102564
shared-bzip2-1.0.5/huffman/BZ2_hbCreateDecodeTables,16468.5
shared-bzip2-1.0.5/bzlib/unRLE_obuf_to_output_FAST,254204.90740740742
shared-bzip2-1.0.5/bzlib/BZ2_bzRead,30112.023255813954
shared-bzip2-1.0.5/bzlib/BZ2_bzReadGetUnused,5668
shared-bzip2-1.0.5/bzlib/default_bzfree,267448.5
shared-bzip2-1.0.5/bzlib/BZ2_bzDecompressEnd,24518
shared-bzip2-1.0.5/bzlib/BZ2_bzReadClose,12122
shared-bzip2-1.0.5/bzip2/applySavedFileAttrToOutputFile,32226
shared-bzip2-1.0.5/bzip2/uncompressStream,4441527
shared-bzip2-1.0.5/bzip2/applySavedTimeInfoToOutputFile,27812
shared-bzip2-1.0.5/bzip2/uncompress,1279887
shared-bzip2-1.0.5/bzip2/main,391169
milepost-codelet-mibench-telecomm-fft-fourierf-codelet-3-1/fourierf.codelet__3/astex_codelet__3,10083922.638
milepost-codelet-mibench-telecomm-fft-fourierf-codelet-3-1/fourierf.codelet__3.wrapper/main,13795486
milepost-codelet-mibench-consumer-tiffmedian-src-tiffmedian-codelet-4-1/tiffmedian.codelet__4/astex_codelet__4,8613.003737
milepost-codelet-mibench-consumer-tiffmedian-src-tiffmedian-codelet-4-1/tiffmedian.codelet__4.wrapper/main,5376289074
polybench-cpu-gramschmidt/gramschmidt/init_array,58160
polybench-cpu-gramschmidt/gramschmidt/kernel_gramschmidt,48875.452258966
polybench-cpu-gramschmidt/gramschmidt/print_array,4258970
polybench-cpu-gramschmidt/gramschmidt/main,1373284092
polybench-cpu-medley-reg-detect/reg_detect/init_array,32606
polybench-cpu-medley-reg-detect/reg_detect/kernel_reg_detect,17240.77769069405
polybench-cpu-medley-reg-detect/reg_detect/print_array,90709
polybench-cpu-medley-reg-detect/reg_detect/main,3753403269
milepost-codelet-mibench-automotive-susan-e-src-susan-codelet-2-1/susan.codelet__2/astex_codelet__2,2594707.957450942
milepost-codelet-mibench-automotive-susan-e-src-susan-codelet-2-1/susan.codelet__2.wrapper/main,50264708
cbench-telecom-adpcm-c/adpcm/adpcm_coder,51430.4010721372
cbench-telecom-adpcm-c/rawcaudio/main,1253690378
milepost-codelet-mibench-consumer-mad-src-layer3-codelet-6-1/layer3.codelet__6/astex_codelet__6,35498.952742185036
milepost-codelet-mibench-consumer-mad-src-layer3-codelet-6-1/layer3.codelet__6.wrapper/main,1794256358
milepost-codelet-mibench-consumer-tiffmedian-src-tiffmedian-codelet-5-1/tiffmedian.codelet__5/astex_codelet__5,5999.402566
milepost-codelet-mibench-consumer-tiffmedian-src-tiffmedian-codelet-5-1/tiffmedian.codelet__5.wrapper/main,5301369470
cbench-network-dijkstra/dijkstra_large/enqueue,5279.4467758620685
cbench-network-dijkstra/dijkstra_large/dequeue,5277.921048275862
cbench-network-dijkstra/dijkstra_large/dijkstra,103049.79278
cbench-network-dijkstra/dijkstra_large/print_path,19671.909090909092
cbench-network-dijkstra/dijkstra_large/main,265077963
polybench-cpu-trisolv/trisolv/init_array,42832
polybench-cpu-trisolv/trisolv/kernel_trisolv,6481.19228
polybench-cpu-trisolv/trisolv/print_array,104466
polybench-cpu-trisolv/trisolv/main,5311491127
milepost-codelet-mibench-consumer-tiffmedian-src-tiffmedian-codelet-3-1/tiffmedian.codelet__3/astex_codelet__3,8078.348825
milepost-codelet-mibench-consumer-tiffmedian-src-tiffmedian-codelet-3-1/tiffmedian.codelet__3.wrapper/main,5292357285
milepost-codelet-mibench-consumer-lame-src-newmdct-codelet-10-1/newmdct.codelet__10/astex_codelet__10,5932.971473
milepost-codelet-mibench-consumer-lame-src-newmdct-codelet-10-1/newmdct.codelet__10.wrapper/main,5416272338
milepost-codelet-mibench-consumer-tiffdither-src-tiffdither-codelet-1-1/tiffdither.codelet__1/astex_codelet__1,12359.135985976844
milepost-codelet-mibench-consumer-tiffdither-src-tiffdither-codelet-1-1/tiffdither.codelet__1.wrapper/main,4043042109
milepost-codelet-mibench-network-dijkstra-src-dijkstra-large-codelet-5-1/dijkstra_large.codelet__5/astex_codelet__5,5330.170158
milepost-codelet-mibench-network-dijkstra-src-dijkstra-large-codelet-5-1/dijkstra_large.codelet__5.wrapper/main,5339513798
milepost-codelet-mibench-office-ghostscript-src-gdevpbm-codelet-1-1/gdevpbm.codelet__1/astex_codelet__1,5380.260076
milepost-codelet-mibench-office-ghostscript-src-gdevpbm-codelet-1-1/gdevpbm.codelet__1.wrapper/main,5417355417
milepost-codelet-mibench-consumer-lame-src-psymodel-codelet-17-1/psymodel.codelet__17/astex_codelet__17,33968.18062456274
milepost-codelet-mibench-consumer-lame-src-psymodel-codelet-17-1/psymodel.codelet__17.wrapper/main,1998036700
milepost-codelet-mibench-office-rsynth-src-nsynth-codelet-9-1/nsynth.codelet__9/astex_codelet__9,5325.101984
milepost-codelet-mibench-office-rsynth-src-nsynth-codelet-9-1/nsynth.codelet__9.wrapper/main,5360708152
milepost-codelet-mibench-consumer-jpeg-c-src-jcdctmgr-codelet-13-1/jcdctmgr.codelet__13/astex_codelet__13,6358.892557
milepost-codelet-mibench-consumer-jpeg-c-src-jcdctmgr-codelet-13-1/jcdctmgr.codelet__13.wrapper/main,5407167790
milepost-codelet-mibench-consumer-lame-src-takehiro-codelet-5-1/takehiro.codelet__5/astex_codelet__5,8489.258365
milepost-codelet-mibench-consumer-lame-src-takehiro-codelet-5-1/takehiro.codelet__5.wrapper/main,5380192381
polybench-cpu-symm/symm/init_array,60588
polybench-cpu-symm/symm/kernel_symm,31954.103133191657
polybench-cpu-symm/symm/print_array,1402618
polybench-cpu-symm/symm/main,1933588585
milepost-codelet-mibench-consumer-tiffmedian-src-tiffmedian-codelet-6-1/tiffmedian.codelet__6/astex_codelet__6,5388.771167
milepost-codelet-mibench-consumer-tiffmedian-src-tiffmedian-codelet-6-1/tiffmedian.codelet__6.wrapper/main,5422436791
milepost-codelet-mibench-automotive-bitcount-src-bitcnt-1-codelet-2-1/bitcnt_1.codelet__2/astex_codelet__2,5325.743782
milepost-codelet-mibench-automotive-bitcount-src-bitcnt-1-codelet-2-1/bitcnt_1.codelet__2.wrapper/main,5352902475
milepost-codelet-mibench-telecomm-gsm-src-rpe-codelet-4-1/rpe.codelet__4/astex_codelet__4,6964.313773
milepost-codelet-mibench-telecomm-gsm-src-rpe-codelet-4-1/rpe.codelet__4.wrapper/main,5288301939
cbench-telecom-adpcm-d/adpcm/adpcm_decoder,35897.47806509833
cbench-telecom-adpcm-d/rawdaudio/main,1720326227
shared-bzip2-1.0.6/bzip2/copyFileName,16740
shared-bzip2-1.0.6/bzip2/addFlagsFromEnvVar,15712
shared-bzip2-1.0.6/bzip2/myMalloc,37530.75
shared-bzip2-1.0.6/bzip2/snocString,33369.42857142857
shared-bzip2-1.0.6/bzip2/hasSuffix,13260
shared-bzip2-1.0.6/bzip2/mapSuffix,31576
shared-bzip2-1.0.6/bzip2/fileExists,57720
shared-bzip2-1.0.6/bzip2/saveInputFileMetaInfo,41064
shared-bzip2-1.0.6/bzip2/fopen_output_safely,100734
shared-bzip2-1.0.6/bzlib/BZ2_bzDecompressInit,51724
shared-bzip2-1.0.6/bzlib/BZ2_bzReadOpen,41820
shared-bzip2-1.0.6/bzip2/myfeof,6326.758536585366
shared-bzip2-1.0.6/decompress/makeMaps_d,14499
shared-bzip2-1.0.6/decompress/BZ2_decompress,2098112.35
shared-bzip2-1.0.6/bzlib/BZ2_bzDecompress,15107.064102564103
shared-bzip2-1.0.6/huffman/BZ2_hbCreateDecodeTables,16816.333333333332
shared-bzip2-1.0.6/bzlib/unRLE_obuf_to_output_FAST,252532.5787037037
shared-bzip2-1.0.6/bzlib/BZ2_bzRead,30116.474418604652
shared-bzip2-1.0.6/bzlib/BZ2_bzReadGetUnused,5668
shared-bzip2-1.0.6/bzlib/default_bzfree,255539.5
shared-bzip2-1.0.6/bzlib/BZ2_bzDecompressEnd,24483
shared-bzip2-1.0.6/bzlib/BZ2_bzReadClose,11802
shared-bzip2-1.0.6/bzip2/applySavedFileAttrToOutputFile,29758
shared-bzip2-1.0.6/bzip2/uncompressStream,4526043
shared-bzip2-1.0.6/bzip2/applySavedTimeInfoToOutputFile,24740
shared-bzip2-1.0.6/bzip2/uncompress,1227395
shared-bzip2-1.0.6/bzip2/main,399198
milepost-codelet-mibench-consumer-mad-src-layer3-codelet-5-1/layer3.codelet__5/astex_codelet__5,5502.129902
milepost-codelet-mibench-consumer-mad-src-layer3-codelet-5-1/layer3.codelet__5.wrapper/main,5329760844
milepost-codelet-mibench-automotive-susan-s-src-susan-codelet-1-1/susan.codelet__1/astex_codelet__1,8040.264388
milepost-codelet-mibench-automotive-susan-s-src-susan-codelet-1-1/susan.codelet__1.wrapper/main,5304552192
cbench-telecom-gsm/toast/endname,6506.266666666666
cbench-telecom-gsm/toast/parse_argv0,13548.6
cbench-telecom-gsm/toast/set_format,15554
cbench-telecom-gsm/toast/emalloc,6235.933333333333
cbench-telecom-gsm/toast/okay_as_input,11765.666666666666
cbench-telecom-gsm/toast/open_input,46574
cbench-telecom-gsm/toast/open_output,5933.6
cbench-telecom-gsm/toast_audio/get_u32,6280.444444444444
cbench-telecom-gsm/toast_audio/audio_init_input,36883
cbench-telecom-gsm/gsm_create/gsm_create,6398.733333333334
cbench-telecom-gsm/gsm_option/gsm_option,5820.9
cbench-telecom-gsm/preprocess/Gsm_Preprocess,15862.72739820566
cbench-telecom-gsm/add/gsm_norm,5462.316687613462
cbench-telecom-gsm/lpc/Autocorrelation,21461.93181504486
cbench-telecom-gsm/add/gsm_div,5597.4795376121465
cbench-telecom-gsm/lpc/Reflection_coefficients,54573.64651483782
cbench-telecom-gsm/lpc/Transformation_to_Log_Area_Ratios,5738.985645272602
cbench-telecom-gsm/lpc/Quantization_and_coding,5605.647619047619
cbench-telecom-gsm/short_term/Decoding_of_the_coded_Log_Area_Ratios,5803.7896480331265
cbench-telecom-gsm/short_term/Coefficients_0_12,5713.994478951001
cbench-telecom-gsm/short_term/LARp_to_rp,5478.026501035197
cbench-telecom-gsm/short_term/Short_term_analysis_filtering,13236.277363699102
cbench-telecom-gsm/short_term/Coefficients_13_26,5389.298274672187
cbench-telecom-gsm/short_term/Coefficients_27_39,5518.524637681159
cbench-telecom-gsm/short_term/Coefficients_40_159,5327.158868184955
cbench-telecom-gsm/long_term/Calculation_of_the_LTP_parameters,45773.10203588682
cbench-telecom-gsm/long_term/Long_term_analysis_filtering,6104.639510006901
cbench-telecom-gsm/long_term/Gsm_Long_Term_Predictor,16234.548309178745
cbench-telecom-gsm/rpe/Weighting_filter,7116.284886128365
cbench-telecom-gsm/rpe/RPE_grid_selection,5673.532953761214
cbench-telecom-gsm/add/gsm_add,5319.260075914423
cbench-telecom-gsm/rpe/APCM_quantization_xmaxc_to_exp_mant,5449.976846100759
cbench-telecom-gsm/rpe/APCM_quantization,16811.228157349895
cbench-telecom-gsm/add/gsm_sub,5215.764113181504
cbench-telecom-gsm/add/gsm_asl,7477.681746031746
cbench-telecom-gsm/add/gsm_asr,5207.884248519646
cbench-telecom-gsm/rpe/APCM_inverse_quantization,89533.80213940649
cbench-telecom-gsm/rpe/RPE_grid_positioning,5575.524292615597
cbench-telecom-gsm/code/Gsm_Coder,66715.85217391304
cbench-telecom-gsm/add/gsm_mult,5197.012106985347
cbench-telecom-gsm/gsm_destroy/gsm_destroy,6681.933333333333
cbench-telecom-gsm/toast/process_encode,5650399
cbench-telecom-gsm/toast/process,53109.26666666667
cbench-telecom-gsm/toast/main1,32128.333333333332
cbench-telecom-gsm/ctuning-rtl/main,772940
polybench-cpu-bicg/bicg/init_array,35428
polybench-cpu-bicg/bicg/kernel_bicg,9113.353782
polybench-cpu-bicg/bicg/print_array,271734
polybench-cpu-bicg/bicg/main,5321105388
milepost-codelet-mibench-consumer-tiff2rgba-src-tif-predict-codelet-4-1/tif_predict.codelet__4/astex_codelet__4,7589.151062
milepost-codelet-mibench-consumer-tiff2rgba-src-tif-predict-codelet-4-1/tif_predict.codelet__4.wrapper/main,5281346060
polybench-cpu-fdtd-apml/fdtd-apml/init_array,647148
polybench-cpu-fdtd-apml/fdtd-apml/kernel_fdtd_apml,628208.8486353509
polybench-cpu-fdtd-apml/fdtd-apml/print_array,123732252
polybench-cpu-fdtd-apml/fdtd-apml/main,155882128
polybench-cpu-gemver/gemver/init_array,38760
polybench-cpu-gemver/gemver/kernel_gemver,13261.012643738615
polybench-cpu-gemver/gemver/print_array,220565
polybench-cpu-gemver/gemver/main,3885980617
milepost-codelet-mibench-security-pgp-d-src-mpilib-codelet-1-1/mpilib.codelet__1/astex_codelet__1,5689.30495
milepost-codelet-mibench-security-pgp-d-src-mpilib-codelet-1-1/mpilib.codelet__1.wrapper/main,5320034125
cbench-consumer-lame/parse/lame_parse_args,25402.333333333332
cbench-consumer-lame/portableio/Read16BitsHighLow,9839.466666666667
cbench-consumer-lame/portableio/Read16BitsLowHigh,7537.666666666667
cbench-consumer-lame/get_audio/wave_check,7614.333333333333
cbench-consumer-lame/get_audio/parse_wave_header,112974
cbench-consumer-lame/get_audio/parse_file_header,26312.666666666668
cbench-consumer-lame/get_audio/OpenSndFile,39251
cbench-consumer-lame/get_audio/lame_init_infile,66450.66666666667
cbench-consumer-lame/util/SmpFrqIndex,10084.333333333334
cbench-consumer-lame/util/BitrateIndex,8703.333333333334
cbench-consumer-lame/util/mem_alloc,25870.666666666668
cbench-consumer-lame/lame/lame_init_params,96497.33333333333
cbench-consumer-lame/lame/lame_print_config,65218.333333333336
cbench-consumer-lame/util/DetermineByteOrder,16822
cbench-consumer-lame/get_audio/read_samples_pcm,9659.622549019608
cbench-consumer-lame/get_audio/get_audio,16945.541666666668
cbench-consumer-lame/get_audio/lame_readframe,11365.377450980392
cbench-consumer-lame/lame/fill_buffer,5622.75304136253
cbench-consumer-lame/timestatus/ts_real_time,8807.666666666666
cbench-consumer-lame/timestatus/ts_process_time,13475
cbench-consumer-lame/timestatus/timestatus,44744
cbench-consumer-lame/psymodel/L3para_read,556012.3333333334
cbench-consumer-lame/fft/init_fft,93773
cbench-consumer-lame/fft/fht,21044.32299270073
cbench-consumer-lame/fft/fft_long,23092.153284671534
cbench-consumer-lame/fft/fft_short,30414.55596107056
cbench-consumer-lame/psymodel/L3psycho_anal,328999.4379562044
cbench-consumer-lame/newmdct/mdct_init48,293634
cbench-consumer-lame/newmdct/window_subband,10849.8366450392
cbench-consumer-lame/newmdct/mdct_long,6007.457692307692
cbench-consumer-lame/newmdct/mdct_sub48,473792.29440389294
cbench-consumer-lame/quantize-pvt/ATHformula,8428.238505747126
cbench-consumer-lame/quantize-pvt/compute_ath,5261736
cbench-consumer-lame/quantize-pvt/iteration_init,53761.62530413625
cbench-consumer-lame/util/getframebits,5514.025547445255
cbench-consumer-lame/reservoir/ResvFrameBegin,5371.715328467153
cbench-consumer-lame/quantize-pvt/ms_convert,12196.761557177615
cbench-consumer-lame/reservoir/ResvMaxBits,5575.282238442823
cbench-consumer-lame/quantize-pvt/on_pe,10912.481751824818
cbench-consumer-lame/quantize-pvt/reduce_side,5450.7858880778585
cbench-consumer-lame/quantize/init_outer_loop,7601.908759124088
cbench-consumer-lame/takehiro/best_scalefac_store,6490.549878345499
cbench-consumer-lame/reservoir/ResvFrameEnd,5468.121654501217
cbench-consumer-lame/quantize/iteration_loop,103470.36739659368
cbench-consumer-lame/formatBitstream/BF_newPartHolder,10266.191176470587
cbench-consumer-lame/formatBitstream/BF_addElement,5285.61586802828
cbench-consumer-lame/formatBitstream/BF_addEntry,8710.768884887588
cbench-consumer-lame/l3bitstream/CRC_BF_addEntry,10836.861059702516
cbench-consumer-lame/l3bitstream/encodeSideInfo,217887.96836982967
cbench-consumer-lame/l3bitstream/Huffmancodebits,1564788.4793187347
cbench-consumer-lame/l3bitstream/encodeMainData,235528.7201946472
cbench-consumer-lame/l3bitstream/drain_into_ancillary_data,70857.17761557178
cbench-consumer-lame/formatBitstream/BF_LoadHolderFromBitstreamPart,40444.50811030008
cbench-consumer-lame/formatBitstream/BF_PartLength,5379.1220600162205
cbench-consumer-lame/formatBitstream/store_side_info,70639.51094890511
cbench-consumer-lame/formatBitstream/writePartMainData,215357.62009037193
cbench-consumer-lame/formatBitstream/main_data,43025.52068126521
cbench-consumer-lame/formatBitstream/side_queue_elements,5669.503649635037
cbench-consumer-lame/formatBitstream/BF_BitstreamFrame,22007.187347931875
cbench-consumer-lame/l3bitstream/III_format_bitstream,28669.343065693432
cbench-consumer-lame/util/empty_buffer,5379.787439613527
cbench-consumer-lame/util/copy_buffer,12321.833333333334
cbench-consumer-lame/lame/lame_encode_frame,43281.562043795624
cbench-consumer-lame/lame/lame_encode_buffer,33186.934782608696
cbench-consumer-lame/formatBitstream/BF_resizePartHolder,18545.545454545456
cbench-consumer-lame/formatBitstream/get_side_info,5358.776155717762
cbench-consumer-lame/util/putbits,5313.134222325294
cbench-consumer-lame/formatBitstream/writePartSideInfo,39910.71613949716
cbench-consumer-lame/formatBitstream/write_side_info,43094.189781021894
cbench-consumer-lame/formatBitstream/WriteMainDataBits,10626.930017730496
cbench-consumer-lame/newmdct/mdct_short,5719.935064935065
cbench-consumer-lame/quantize-pvt/calc_xmin,11592.490049751244
cbench-consumer-lame/quantize-pvt/quantize_xrpow_ISO,12374.908557457213
cbench-consumer-lame/takehiro/ix_max,6140.267826386496
cbench-consumer-lame/takehiro/choose_table_short,16579.678571428572
cbench-consumer-lame/takehiro/count_bits,19670.22347188264
cbench-consumer-lame/takehiro/count_bit_short_noESC,8755.3125
cbench-consumer-lame/takehiro/count_bit_noESC2,6078.367617783676
cbench-consumer-lame/takehiro/count_bit_short_ESC,8875.995815899581
cbench-consumer-lame/quantize-pvt/bin_search_StepSize2,24734.65671641791
cbench-consumer-lame/quantize/calc_noise1,17426.076523994812
cbench-consumer-lame/quantize/outer_loop,64649.51243781095
cbench-consumer-lame/l3bitstream/abs_and_sign,5266.598091107354
cbench-consumer-lame/l3bitstream/HuffmanCode,15901.309175664866
cbench-consumer-lame/quantize-pvt/inner_loop,11406.227979274612
cbench-consumer-lame/takehiro/count_bit_ESC,6458.136485280999
cbench-consumer-lame/takehiro/choose_table,18762.679515019907
cbench-consumer-lame/takehiro/count_bits_long,21810.67716535433
cbench-consumer-lame/quantize/amp_scalefac_bands,6766.801075268817
cbench-consumer-lame/quantize-pvt/loop_break,5326.228494623656
cbench-consumer-lame/quantize-pvt/scale_bitcount_lsf,5955.65011820331
cbench-consumer-lame/quantize/quant_compare,5575.840108401084
cbench-consumer-lame/l3bitstream/L3_huffman_coder_count1,37012.87640449438
cbench-consumer-lame/takehiro/count_bit_noESC,8132.257975034674
cbench-consumer-lame/timestatus/ts_calc_times,5385.666666666667
cbench-consumer-lame/formatBitstream/free_side_info_link,38256.333333333336
cbench-consumer-lame/formatBitstream/free_side_queues,16104.333333333334
cbench-consumer-lame/formatBitstream/BF_FlushBitstream,265035.3333333333
cbench-consumer-lame/l3bitstream/III_FlushBitstream,10948.333333333334
cbench-consumer-lame/lame/lame_encode_finish,48196.333333333336
cbench-consumer-lame/get_audio/CloseSndFile,9942.666666666666
cbench-consumer-lame/lame/lame_mp3_tags,5481.333333333333
cbench-consumer-lame/main/main1,4077611.6666666665
cbench-consumer-lame/ctuning-rtl/main,653812
polybench-cpu-adi/adi/init_array,45520
polybench-cpu-adi/adi/kernel_adi,224657.61375543225
polybench-cpu-adi/adi/print_array,1428574
polybench-cpu-adi/adi/main,326138346
cbench-consumer-tiff2median/tif_open/_TIFFgetMode,5595.822274881517
cbench-consumer-tiff2median/tif_open/TIFFInitOrder,5628.152843601896
cbench-consumer-tiff2median/tif_dirread/CheckMalloc,10726.718009478673
cbench-consumer-tiff2median/tif_dir/TIFFFreeDirectory,13629.530805687204
cbench-consumer-tiff2median/tif_dirinfo/_TIFFMergeFieldInfo,419546.9721563981
cbench-consumer-tiff2median/tif_dirinfo/_TIFFSetupFieldInfo,12677.813586097946
cbench-consumer-tiff2median/tif_dirinfo/_TIFFFindFieldInfo,5372.188299016289
cbench-consumer-tiff2median/tif_dir/OkToChangeTag,10648.608698975691
cbench-consumer-tiff2median/tif_compress/TIFFFindCODEC,5404.223696682465
cbench-consumer-tiff2median/tif_compress/TIFFSetCompressionScheme,21903.215639810427
cbench-consumer-tiff2median/tif_dirinfo/_TIFFFieldWithTag,10682.537980516061
cbench-consumer-tiff2median/tif_dir/_TIFFVSetField,17799.819446567803
cbench-consumer-tiff2median/tif_dir/TIFFVSetField,15969.730392906284
cbench-consumer-tiff2median/tif_dir/TIFFDefaultDirectory,21854.895734597158
cbench-consumer-tiff2median/tif_dirread/CheckDirCount,5379.69289099526
cbench-consumer-tiff2median/tif_dirread/TIFFFetchNormalTag,23455.71930202499
cbench-consumer-tiff2median/tif_dir/TIFFReassignTagToIgnore,5443.085477318889
cbench-consumer-tiff2median/tif_dirinfo/tagCompare,5318.492173858817
cbench-consumer-tiff2median/tif_lzw/TIFFInitLZW,16574.111374407585
cbench-consumer-tiff2median/tif_predict/PredictorVSetField,10717.67430226435
cbench-consumer-tiff2median/tif_strip/TIFFNumberOfStrips,5492.6563981042655
cbench-consumer-tiff2median/tif_dirread/TIFFFetchLongArray,5274.135071090047
cbench-consumer-tiff2median/tif_dirread/TIFFFetchStripThing,21503.997630331753
cbench-consumer-tiff2median/tif_dirread/TIFFFetchData,16228.362559241707
cbench-consumer-tiff2median/tif_dirread/cvtRational,5338.669431279621
cbench-consumer-tiff2median/tif_dirread/TIFFFetchRational,16114.761848341232
cbench-consumer-tiff2median/tif_dirread/TIFFFetchString,10730.151658767772
cbench-consumer-tiff2median/tif_dir/_TIFFsetByteArray,16183.399289099527
cbench-consumer-tiff2median/tif_tile/TIFFTileRowSize,5482.721563981043
cbench-consumer-tiff2median/tif_tile/TIFFVTileSize,10781
cbench-consumer-tiff2median/tif_strip/TIFFScanlineSize,5382.724723538705
cbench-consumer-tiff2median/tif_dirread/TIFFReadDirectory,280668.1492890995
cbench-consumer-tiff2median/tif_open/TIFFClientOpen,55785.2962085308
cbench-consumer-tiff2median/tif_unix/TIFFFdOpen,13265.329383886256
cbench-consumer-tiff2median/tif_unix/TIFFOpen,46776.24644549763
cbench-consumer-tiff2median/tif_dir/_TIFFVGetField,5506.9209123222745
cbench-consumer-tiff2median/tif_predict/PredictorVGetField,10842.944609004739
cbench-consumer-tiff2median/tif_dir/TIFFVGetField,15975.423578199052
cbench-consumer-tiff2median/tif_unix/unixErrorHandler,21055.229857819904
cbench-consumer-tiff2median/tif_error/TIFFError,10881.450236966824
cbench-consumer-tiff2median/tif_strip/_TIFFDefaultStripSize,10716.86018957346
cbench-consumer-tiff2median/tif_read/TIFFCheckRead,5233.315416514765
cbench-consumer-tiff2median/tif_read/TIFFReadBufferSetup,11384.225118483413
cbench-consumer-tiff2median/tif_read/TIFFReadRawStrip1,17205.888625592415
cbench-consumer-tiff2median/tif_lzw/LZWSetupDecode,13892.642180094786
cbench-consumer-tiff2median/tif_predict/PredictorSetup,5353.96682464455
cbench-consumer-tiff2median/tif_predict/PredictorSetupDecode,16507.305687203792
cbench-consumer-tiff2median/tif_lzw/LZWPreDecode,11391.67298578199
cbench-consumer-tiff2median/tif_read/TIFFStartStrip,16363.516587677725
cbench-consumer-tiff2median/tif_read/TIFFFillStrip,22028.20853080569
cbench-consumer-tiff2median/tif_read/TIFFSeek,5299.640528162596
cbench-consumer-tiff2median/tif_lzw/LZWDecode,11893.730290740066
cbench-consumer-tiff2median/tif_read/TIFFReadScanline,26654.173350346337
cbench-consumer-tiff2median/tif_write/TIFFSetupStrips,31983.061611374407
cbench-consumer-tiff2median/tif_write/TIFFWriteCheck,21594.172985781992
cbench-consumer-tiff2median/tif_write/TIFFWriteBufferSetup,11028.428909952607
cbench-consumer-tiff2median/tif_write/TIFFFlushData1,8278.630331753555
cbench-consumer-tiff2median/tif_flush/TIFFFlushData,13542.52962085308
cbench-consumer-tiff2median/tif_packbits/PackBitsPreEncode,10692.969194312796
cbench-consumer-tiff2median/tif_packbits/PackBitsEncode,6125.526890583144
cbench-consumer-tiff2median/tif_write/TIFFWriteScanline,11020.655505185796
cbench-consumer-tiff2median/tiffdither/fsdither,5378866.765402843
cbench-consumer-tiff2median/tif_lzw/LZWCleanup,16104.78672985782
cbench-consumer-tiff2median/tif_close/TIFFClose,40650.086492890994
cbench-consumer-tiff2median/tif_write/TIFFAppendToStrip,17653.123222748814
cbench-consumer-tiff2median/tif_dirwrite/TIFFLinkDirectory,21577.81279620853
cbench-consumer-tiff2median/tif_dirwrite/TIFFSetupShortLong,5357.314375987362
cbench-consumer-tiff2median/tif_dirwrite/TIFFWriteShortArray,5453.469194312796
cbench-consumer-tiff2median/tif_dirwrite/TIFFWritePerSampleShorts,16384.47867298578
cbench-consumer-tiff2median/tif_dirwrite/TIFFWriteNormalTag,11444.669939065674
cbench-consumer-tiff2median/tif_dirwrite/TIFFWriteData,15974.954186413903
cbench-consumer-tiff2median/tif_dirwrite/TIFFWriteByteArray,10684.59241706161
cbench-consumer-tiff2median/tif_dirwrite/TIFFWriteLongArray,5331.582938388626
cbench-consumer-tiff2median/tif_dirwrite/TIFFWriteRationalArray,21464.640995260663
cbench-consumer-tiff2median/tif_dirwrite/TIFFWriteDirectory,165450.88862559243
cbench-consumer-tiff2median/tif_flush/TIFFFlush,16282.248815165876
cbench-consumer-tiff2median/tiffdither/main1,158196.48815165876
cbench-consumer-tiff2median/ctuning-rtl/main,3046697
cbench-security-sha/sha/byte_reverse,5517.037521523179
cbench-security-sha/sha/sha_transform,7163.705915562914
cbench-security-sha/sha/sha_update,1322726.8574
cbench-security-sha/sha/sha_final,16774.421
cbench-security-sha/sha/sha_stream,71584.513
cbench-security-sha/sha_driver/main1,24338.438
cbench-security-sha/ctuning-rtl/main,6767856
polybench-cpu-jacobi-1d-imper/jacobi-1d-imper/init_array,28452
polybench-cpu-jacobi-1d-imper/jacobi-1d-imper/kernel_jacobi_1d_imper,7359.542146
polybench-cpu-jacobi-1d-imper/jacobi-1d-imper/print_array,136331
polybench-cpu-jacobi-1d-imper/jacobi-1d-imper/main,5330514070
polybench-cpu-fdtd-2d/fdtd-2d/init_array,59372
polybench-cpu-fdtd-2d/fdtd-2d/kernel_fdtd_2d,22588.48319882489
polybench-cpu-fdtd-2d/fdtd-2d/print_array,5175282
polybench-cpu-fdtd-2d/fdtd-2d/main,2598546146
milepost-codelet-mibench-consumer-lame-src-fft-codelet-2-1/fft.codelet__2/astex_codelet__2,152610.10843
milepost-codelet-mibench-consumer-lame-src-fft-codelet-2-1/fft.codelet__2.wrapper/main,564609929
polybench-cpu-durbin/durbin/init_array,50166
polybench-cpu-durbin/durbin/kernel_durbin,8400.984069
polybench-cpu-durbin/durbin/print_array,135140
polybench-cpu-durbin/durbin/main,5375228772
cbench-security-rijndael/aes/set_key,12085.393096597963
cbench-security-rijndael/aes/decrypt,6290.340687256182
cbench-security-rijndael/aesxam/decfile,1571524.4973926
cbench-security-rijndael/aesxam/main1,202984.34988825428
cbench-security-rijndael/ctuning-rtl/main,40491430
polybench-cpu-mvt/mvt/init_array,40630
polybench-cpu-mvt/mvt/kernel_mvt,9742.00281
polybench-cpu-mvt/mvt/print_array,276878
polybench-cpu-mvt/mvt/main,5295201596
milepost-codelet-mibench-consumer-lame-src-newmdct-codelet-3-1/newmdct.codelet__3/astex_codelet__3,8363.279058
milepost-codelet-mibench-consumer-lame-src-newmdct-codelet-3-1/newmdct.codelet__3.wrapper/main,5325609924
polybench-cpu-gemm/gemm/init_array,33892522
polybench-cpu-gemm/gemm/kernel_gemm,2078555685
polybench-cpu-gemm/gemm/print_array,2518923299
polybench-cpu-gemm/gemm/main,2185057
milepost-codelet-mibench-office-rsynth-src-nsynth-codelet-5-1/nsynth.codelet__5/astex_codelet__5,5432.960926
milepost-codelet-mibench-office-rsynth-src-nsynth-codelet-5-1/nsynth.codelet__5.wrapper/main,5455661236
cbench-automotive-qsort1/qsort/swap,5422.164153729785
cbench-automotive-qsort1/qsort_large/compare,5228.012172421567
cbench-automotive-qsort1/qsort/shortsort,88347.04413062666
cbench-automotive-qsort1/qsort/qsortx,3736870611
cbench-automotive-qsort1/qsort_large/main1,62175375
cbench-automotive-qsort1/ctuning-rtl/main,340819
milepost-codelet-mibench-automotive-qsort1-src-qsort-codelet-1-1/qsort.codelet__1/astex_codelet__1,5381.107307
milepost-codelet-mibench-automotive-qsort1-src-qsort-codelet-1-1/qsort.codelet__1.wrapper/main,5236091826
cbench-consumer-tiff2bw/tif_open/_TIFFgetMode,5634.09887459807
cbench-consumer-tiff2bw/tif_open/TIFFInitOrder,5539.75884244373
cbench-consumer-tiff2bw/tif_dirread/CheckMalloc,10944.649517684888
cbench-consumer-tiff2bw/tif_dir/TIFFFreeDirectory,17828.601286173634
cbench-consumer-tiff2bw/tif_dirinfo/_TIFFMergeFieldInfo,418894.6808681672
cbench-consumer-tiff2bw/tif_dirinfo/_TIFFSetupFieldInfo,12772.420150053591
cbench-consumer-tiff2bw/tif_dirinfo/_TIFFFindFieldInfo,5473.265294191339
cbench-consumer-tiff2bw/tif_dir/OkToChangeTag,11135.241336191497
cbench-consumer-tiff2bw/tif_compress/TIFFFindCODEC,5339.0723472668815
cbench-consumer-tiff2bw/tif_compress/TIFFSetCompressionScheme,21768.528135048233
cbench-consumer-tiff2bw/tif_dirinfo/_TIFFFieldWithTag,10732.077586533005
cbench-consumer-tiff2bw/tif_dir/_TIFFVSetField,17865.123013321085
cbench-consumer-tiff2bw/tif_dir/TIFFVSetField,16606.19301536263
cbench-consumer-tiff2bw/tif_dir/TIFFDefaultDirectory,22254.609860664525
cbench-consumer-tiff2bw/tif_dirread/CheckDirCount,5437.184113373824
cbench-consumer-tiff2bw/tif_dirread/TIFFFetchNormalTag,23947.136548767416
cbench-consumer-tiff2bw/tif_dir/TIFFReassignTagToIgnore,5480.914076455877
cbench-consumer-tiff2bw/tif_dirinfo/tagCompare,5308.361715180234
cbench-consumer-tiff2bw/tif_lzw/TIFFInitLZW,16634.90032154341
cbench-consumer-tiff2bw/tif_predict/PredictorVSetField,10389.967350976996
cbench-consumer-tiff2bw/tif_strip/TIFFNumberOfStrips,5484.200964630225
cbench-consumer-tiff2bw/tif_dirread/TIFFFetchData,16454.23151125402
cbench-consumer-tiff2bw/tif_dirread/TIFFFetchShortArray,11187.52733118971
cbench-consumer-tiff2bw/tif_dirread/TIFFFetchPerSampleShorts,16861.237942122185
cbench-consumer-tiff2bw/tif_dirread/TIFFFetchString,10977.245980707396
cbench-consumer-tiff2bw/tif_dir/_TIFFsetByteArray,16306.985209003215
cbench-consumer-tiff2bw/tif_dirread/TIFFFetchLongArray,10973.501607717042
cbench-consumer-tiff2bw/tif_dirread/TIFFFetchStripThing,21699.234726688104
cbench-consumer-tiff2bw/tif_dirread/cvtRational,5485.827974276527
cbench-consumer-tiff2bw/tif_dirread/TIFFFetchRational,16333.935691318327
cbench-consumer-tiff2bw/tif_tile/TIFFTileRowSize,5429.818327974276
cbench-consumer-tiff2bw/tif_tile/TIFFVTileSize,10828.432475884245
cbench-consumer-tiff2bw/tif_strip/TIFFScanlineSize,5398.122722400857
cbench-consumer-tiff2bw/tif_dirread/TIFFReadDirectory,349981.536977492
cbench-consumer-tiff2bw/tif_open/TIFFClientOpen,52265.41479099679
cbench-consumer-tiff2bw/tif_unix/TIFFFdOpen,13236.435691318327
cbench-consumer-tiff2bw/tif_unix/TIFFOpen,50414.73954983923
cbench-consumer-tiff2bw/tif_dir/_TIFFVGetField,5478.440900321543
cbench-consumer-tiff2bw/tif_predict/PredictorVGetField,10833.080845199816
cbench-consumer-tiff2bw/tif_dir/TIFFVGetField,14825.920393647082
cbench-consumer-tiff2bw/tiff2bw/cpTag,13397.095458199357
cbench-consumer-tiff2bw/tiff2bw/cpTags,91300.18649517685
cbench-consumer-tiff2bw/tif_strip/_TIFFDefaultStripSize,10864.315112540193
cbench-consumer-tiff2bw/tif_read/TIFFCheckRead,5341.310212094979
cbench-consumer-tiff2bw/tif_read/TIFFReadBufferSetup,15403.258842443729
cbench-consumer-tiff2bw/tif_read/TIFFReadRawStrip1,16503.255503339104
cbench-consumer-tiff2bw/tif_lzw/LZWSetupDecode,14383.016077170418
cbench-consumer-tiff2bw/tif_predict/PredictorSetup,10945.8038585209
cbench-consumer-tiff2bw/tif_predict/PredictorSetupDecode,16497.398713826366
cbench-consumer-tiff2bw/tif_lzw/LZWPreDecode,11510.306208261192
cbench-consumer-tiff2bw/tif_read/TIFFStartStrip,11187.39896116745
cbench-consumer-tiff2bw/tif_read/TIFFFillStrip,18006.351966361613
cbench-consumer-tiff2bw/tif_read/TIFFSeek,5692.522013356419
cbench-consumer-tiff2bw/tif_lzw/LZWDecode,22713.34522631709
cbench-consumer-tiff2bw/tif_predict/horAcc8,7748.761965124907
cbench-consumer-tiff2bw/tif_predict/PredictorDecodeRow,16437.611380781596
cbench-consumer-tiff2bw/tif_read/TIFFReadScanline,26751.06951830324
cbench-consumer-tiff2bw/tiff2bw/compresscontig,8077.022399826861
cbench-consumer-tiff2bw/tif_write/TIFFSetupStrips,32630.881028938908
cbench-consumer-tiff2bw/tif_write/TIFFWriteCheck,21668.273311897105
cbench-consumer-tiff2bw/tif_write/TIFFWriteBufferSetup,11012.504823151125
cbench-consumer-tiff2bw/tif_write/TIFFFlushData1,10082.837620578779
cbench-consumer-tiff2bw/tif_flush/TIFFFlushData,15451.337620578779
cbench-consumer-tiff2bw/tif_dumpmode/DumpModeEncode,10711.01748392283
cbench-consumer-tiff2bw/tif_write/TIFFWriteScanline,11084.617626143952
cbench-consumer-tiff2bw/tif_write/TIFFAppendToStrip,17518.8
cbench-consumer-tiff2bw/tif_lzw/LZWCleanup,16474.34726688103
cbench-consumer-tiff2bw/tif_close/TIFFClose,41236.01286173634
cbench-consumer-tiff2bw/tif_dirwrite/TIFFLinkDirectory,21877.66237942122
cbench-consumer-tiff2bw/tif_dirwrite/TIFFSetupShortLong,5484.099678456591
cbench-consumer-tiff2bw/tif_dirwrite/TIFFWriteShortArray,5464.655948553054
cbench-consumer-tiff2bw/tif_dirwrite/TIFFWritePerSampleShorts,16841.913183279743
cbench-consumer-tiff2bw/tif_dirwrite/TIFFWriteNormalTag,12569.054662379422
cbench-consumer-tiff2bw/tif_dirwrite/TIFFWriteData,16124.387689480936
cbench-consumer-tiff2bw/tif_dirwrite/TIFFWriteByteArray,10754.448017148981
cbench-consumer-tiff2bw/tif_dirwrite/TIFFWriteLongArray,10762.991961414791
cbench-consumer-tiff2bw/tif_dirwrite/TIFFWriteRationalArray,21812.61575562701
cbench-consumer-tiff2bw/tif_dirwrite/TIFFWriteDirectory,184624.3729903537
cbench-consumer-tiff2bw/tif_flush/TIFFFlush,16373.861736334406
cbench-consumer-tiff2bw/tiff2bw/main1,3474105.5176848876
cbench-consumer-tiff2bw/ctuning-rtl/main,2169246
polybench-cpu-doitgen/doitgen/init_array,120106
polybench-cpu-doitgen/doitgen/kernel_doitgen,803191.0681612182
polybench-cpu-doitgen/doitgen/print_array,21940856
polybench-cpu-doitgen/doitgen/main,104144470
milepost-codelet-mibench-telecomm-gsm-src-short-term-codelet-2-1/short_term.codelet__2/astex_codelet__2,7772.329597
milepost-codelet-mibench-telecomm-gsm-src-short-term-codelet-2-1/short_term.codelet__2.wrapper/main,5240760877
milepost-codelet-mibench-automotive-susan-e-src-susan-codelet-10-1/susan.codelet__10/astex_codelet__10,3936158.9941571723
milepost-codelet-mibench-automotive-susan-e-src-susan-codelet-10-1/susan.codelet__10.wrapper/main,38825831
milepost-codelet-mibench-consumer-lame-src-takehiro-codelet-16-1/takehiro.codelet__16/astex_codelet__16,5346.052348
milepost-codelet-mibench-consumer-lame-src-takehiro-codelet-16-1/takehiro.codelet__16.wrapper/main,5404132147
cbench-consumer-jpeg-d/jmemmgr/jinit_memory_mgr,17710.242574257427
cbench-consumer-jpeg-d/jmemmgr/alloc_small,6571.529152915292
cbench-consumer-jpeg-d/jdmarker/jinit_marker_reader,17045.564356435643
cbench-consumer-jpeg-d/jdapimin/jpeg_CreateDecompress,23287.59405940594
cbench-consumer-jpeg-d/jdapimin/jpeg_set_marker_processor,5318.762376237623
cbench-consumer-jpeg-d/cdjpeg/keymatch,5363.973878238888
cbench-consumer-jpeg-d/djpeg/parse_switches,258004.34405940594
cbench-consumer-jpeg-d/jdatasrc/jpeg_stdio_src,40698.41584158416
cbench-consumer-jpeg-d/jdatasrc/fill_input_buffer,11901.836633663366
cbench-consumer-jpeg-d/jdmarker/first_marker,12049.405940594059
cbench-consumer-jpeg-d/jerror/emit_message,5318.229436405179
cbench-consumer-jpeg-d/jdmarker/get_soi,11323.079207920791
cbench-consumer-jpeg-d/jdmarker/next_marker,5458.226072607261
cbench-consumer-jpeg-d/jdmarker/get_app0,11312.509900990099
cbench-consumer-jpeg-d/jdmarker/get_dqt,17018.737623762376
cbench-consumer-jpeg-d/jdmarker/get_sof,32637.51485148515
cbench-consumer-jpeg-d/jdmarker/get_dht,27833.85891089109
cbench-consumer-jpeg-d/jdmarker/get_sos,32683.19306930693
cbench-consumer-jpeg-d/jdmarker/read_markers,63306.430693069306
cbench-consumer-jpeg-d/jcmaster/initial_setup,75128.81188118811
cbench-consumer-jpeg-d/jdinput/consume_markers,13733.962871287129
cbench-consumer-jpeg-d/jdapimin/default_decompress_parms,5846.668316831683
cbench-consumer-jpeg-d/jdapimin/jpeg_consume_input,27929.01485148515
cbench-consumer-jpeg-d/jdapimin/jpeg_read_header,11324.381188118812
cbench-consumer-jpeg-d/jdmaster/use_merged_upsample,5460.914191419142
cbench-consumer-jpeg-d/jdmaster/jpeg_calc_output_dimensions,42920.09405940594
cbench-consumer-jpeg-d/wrppm/jinit_write_ppm,22542.173267326732
cbench-consumer-jpeg-d/jdmaster/prepare_range_limit_table,15349.064356435643
cbench-consumer-jpeg-d/jdmerge/build_ycc_rgb_table,31009.361386138615
cbench-consumer-jpeg-d/jdcolor/jinit_color_deconverter,16950.29702970297
cbench-consumer-jpeg-d/jmemmgr/alloc_large,10792.767326732674
cbench-consumer-jpeg-d/jmemmgr/alloc_sarray,16153.674257425742
cbench-consumer-jpeg-d/jdsample/jinit_upsampler,32954.67326732673
cbench-consumer-jpeg-d/jdpostct/jinit_d_post_controller,10945.544554455446
cbench-consumer-jpeg-d/jddctmgr/jinit_inverse_dct,27285.70297029703
cbench-consumer-jpeg-d/jdhuff/jinit_huff_decoder,10859.049504950495
cbench-consumer-jpeg-d/jdcoefct/jinit_d_coef_controller,16403.059405940596
cbench-consumer-jpeg-d/jdmainct/alloc_funny_pointers,27123.757425742573
cbench-consumer-jpeg-d/jdmainct/jinit_d_main_controller,33301.22277227723
cbench-consumer-jpeg-d/jmemmgr/realize_virt_arrays,5803.450495049505
cbench-consumer-jpeg-d/jcmaster/per_scan_setup,16454.787128712873
cbench-consumer-jpeg-d/jdinput/latch_quant_tables,21835.336633663366
cbench-consumer-jpeg-d/jdhuff/jpeg_make_d_derived_tbl,13973.853135313531
cbench-consumer-jpeg-d/jdhuff/start_pass_huff_decoder,38582.9504950495
cbench-consumer-jpeg-d/jctrans/start_iMCU_row,5492.26123381569
cbench-consumer-jpeg-d/jdmaster/master_selection,72247.5594059406
cbench-consumer-jpeg-d/jddctmgr/start_pass,7477.608910891089
cbench-consumer-jpeg-d/jdcoefct/start_output_pass,5423.366336633663
cbench-consumer-jpeg-d/jdpostct/start_pass_dpost,5625.232673267326
cbench-consumer-jpeg-d/jdmainct/make_funny_pointers,6303.252475247525
cbench-consumer-jpeg-d/jcmainct/start_pass_main,10848.529702970298
cbench-consumer-jpeg-d/jdmaster/prepare_for_output_pass,38668.29702970297
cbench-consumer-jpeg-d/jdapistd/output_pass_setup,10879.277227722772
cbench-consumer-jpeg-d/jdapistd/jpeg_start_decompress,16292.698019801981
cbench-consumer-jpeg-d/wrppm/start_output_ppm,10456.554455445545
cbench-consumer-jpeg-d/jdhuff/jpeg_fill_bit_buffer,5400.7615955681995
cbench-consumer-jpeg-d/jdhuff/jpeg_huff_decode,6253.776442471833
cbench-consumer-jpeg-d/jdhuff/decode_mcu,118916.83261787717
cbench-consumer-jpeg-d/jidctint/jpeg_idct_islow,6705.952869145088
cbench-consumer-jpeg-d/jdcoefct/decompress_onepass,486206.3366336634
cbench-consumer-jpeg-d/jdsample/h2v2_fancy_upsample,7658.5214442117285
cbench-consumer-jpeg-d/jdcolor/ycc_rgb_convert,9904.860053313023
cbench-consumer-jpeg-d/jdsample/sep_upsample,19081.38732863671
cbench-consumer-jpeg-d/jdmainct/process_data_context_main,11120.097296268088
cbench-consumer-jpeg-d/jdapistd/jpeg_read_scanlines,10724.94323591013
cbench-consumer-jpeg-d/wrtarga/put_pixel_rows,6670.825447448591
cbench-consumer-jpeg-d/jdmainct/set_wraparound_pointers,5706.485148514851
cbench-consumer-jpeg-d/jdmainct/set_bottom_pointers,5971.247524752475
cbench-consumer-jpeg-d/wrppm/finish_output_ppm,15670.663366336634
cbench-consumer-jpeg-d/jdmaster/finish_output_pass,5498.024752475248
cbench-consumer-jpeg-d/jmemmgr/free_pool,23688.574257425742
cbench-consumer-jpeg-d/jcomapi/jpeg_abort,10820.113861386139
cbench-consumer-jpeg-d/jdapimin/jpeg_finish_decompress,27871.78217821782
cbench-consumer-jpeg-d/jmemmgr/self_destruct,27485.633663366338
cbench-consumer-jpeg-d/jcomapi/jpeg_destroy,10871.925742574258
cbench-consumer-jpeg-d/djpeg/main1,3307592.1039603963
cbench-consumer-jpeg-d/ctuning-rtl/main,2812971
milepost-codelet-mibench-security-pgp-e-src-mpilib-codelet-1-1/mpilib.codelet__1/astex_codelet__1,5488.579953
milepost-codelet-mibench-security-pgp-e-src-mpilib-codelet-1-1/mpilib.codelet__1.wrapper/main,5345656533
demo-codelet-openme-auto-tuning-plugins/susan.codelet__2/astex_codelet__2,2610210.886535846
demo-codelet-openme-auto-tuning-plugins/susan.codelet__2.wrapper/main,54979678
milepost-codelet-mibench-automotive-basicmath-cubic-codelet-3-1/cubic.codelet__3/astex_codelet__3,5981.382838
milepost-codelet-mibench-automotive-basicmath-cubic-codelet-3-1/cubic.codelet__3.wrapper/main,5539116619
milepost-codelet-mibench-telecomm-fft-fftmisc-codelet-5-1/fftmisc.codelet__5/astex_codelet__5,5369.545202
milepost-codelet-mibench-telecomm-fft-fftmisc-codelet-5-1/fftmisc.codelet__5.wrapper/main,5313670137
cbench-network-patricia/patricia/pat_search,36829.16934523809
cbench-network-patricia/patricia/insertR,15891.130505623883
cbench-network-patricia/patricia/pat_insert,300417.9620471878
cbench-network-patricia/patricia_test/main1,1370917.9345238095
cbench-network-patricia/ctuning-rtl/main,1671656
milepost-codelet-mibench-consumer-lame-src-quantize-codelet-7-1/quantize.codelet__7/astex_codelet__7,18203.061040552137
milepost-codelet-mibench-consumer-lame-src-quantize-codelet-7-1/quantize.codelet__7.wrapper/main,3041622406
cbench-telecom-crc32/crc_32/crc32file,505645.3278530354
cbench-telecom-crc32/crc_32/main1,13176.103971286326
cbench-telecom-crc32/ctuning-rtl/main,157372838
cbench-automotive-susan/susan/getint,23762.666666666668
cbench-automotive-susan/susan/get_image,813554
cbench-automotive-susan/susan/setup_brightness_lut,47528.74803149606
cbench-automotive-susan/susan/susan_corners,62760478.33070866
cbench-automotive-susan/susan/corner_draw,22806.36220472441
cbench-automotive-susan/susan/put_image,511449
cbench-automotive-susan/susan/main,10170094
polybench-cpu-gesummv/gesummv/init_array,50558
polybench-cpu-gesummv/gesummv/kernel_gesummv,9224.706711
polybench-cpu-gesummv/gesummv/print_array,182267
polybench-cpu-gesummv/gesummv/main,5368571974
polybench-cpu-ludcmp/ludcmp/init_array,41048
polybench-cpu-ludcmp/ludcmp/kernel_ludcmp,22181.93589284406
polybench-cpu-ludcmp/ludcmp/print_array,99800
polybench-cpu-ludcmp/ludcmp/main,2644646895
shared-matmul-c/matmul/matmul,2820764847.75
shared-matmul-c/matmul/main,33368000
milepost-codelet-mibench-consumer-jpeg-c-src-jchuff-codelet-9-1/jchuff.codelet__9/astex_codelet__9,9049.75244
milepost-codelet-mibench-consumer-jpeg-c-src-jchuff-codelet-9-1/jchuff.codelet__9.wrapper/main,5354299062
polybench-cpu-syr2k/syr2k/init_array,60044
polybench-cpu-syr2k/syr2k/kernel_syr2k,76945.43203110334
polybench-cpu-syr2k/syr2k/print_array,1395254
polybench-cpu-syr2k/syr2k/main,885366156
milepost-codelet-mibench-telecomm-adpcm-c-src-adpcm-codelet-1-1/adpcm.codelet__1/astex_codelet__1,42412.711655530285
milepost-codelet-mibench-telecomm-adpcm-c-src-adpcm-codelet-1-1/adpcm.codelet__1.wrapper/main,1500117005
polybench-cpu-atax/atax/init_array,41804
polybench-cpu-atax/atax/kernel_atax,9787.734199
polybench-cpu-atax/atax/print_array,145056
polybench-cpu-atax/atax/main,5346928027
milepost-codelet-mibench-consumer-tiffdither-src-tif-fax3-codelet-8-1/tif_fax3.codelet__8/astex_codelet__8,5476.941125
milepost-codelet-mibench-consumer-tiffdither-src-tif-fax3-codelet-8-1/tif_fax3.codelet__8.wrapper/main,5449101073
milepost-codelet-mibench-consumer-jpeg-c-src-jfdctint-codelet-2-1/jfdctint.codelet__2/astex_codelet__2,5753.019905
milepost-codelet-mibench-consumer-jpeg-c-src-jfdctint-codelet-2-1/jfdctint.codelet__2.wrapper/main,5277923596
milepost-codelet-mibench-telecomm-adpcm-d-src-adpcm-codelet-1-1/adpcm.codelet__1/astex_codelet__1,33440.688428182424
milepost-codelet-mibench-telecomm-adpcm-d-src-adpcm-codelet-1-1/adpcm.codelet__1.wrapper/main,1854073365
milepost-codelet-mibench-security-pgp-e-src-mpilib-codelet-4-1/mpilib.codelet__4/astex_codelet__4,5749.626841
milepost-codelet-mibench-security-pgp-e-src-mpilib-codelet-4-1/mpilib.codelet__4.wrapper/main,5466198116
cbench-consumer-jpeg-c/jmemmgr/jinit_memory_mgr,22382.6
cbench-consumer-jpeg-c/jcapimin/jpeg_CreateCompress,14294.6
cbench-consumer-jpeg-c/jmemmgr/alloc_small,6874.926829268293
cbench-consumer-jpeg-c/jcparam/jpeg_quality_scaling,6166.15
cbench-consumer-jpeg-c/jcparam/jpeg_add_quant_table,12187.975
cbench-consumer-jpeg-c/jcparam/add_huff_table,12431
cbench-consumer-jpeg-c/jcparam/jpeg_set_colorspace,6406.3
cbench-consumer-jpeg-c/jcparam/jpeg_default_colorspace,12794.25
cbench-consumer-jpeg-c/jcparam/jpeg_set_defaults,30904.6
cbench-consumer-jpeg-c/cdjpeg/keymatch,6067.993055555556
cbench-consumer-jpeg-c/cjpeg/parse_switches,232658.05
cbench-consumer-jpeg-c/cjpeg/select_file_type,72660.3
cbench-consumer-jpeg-c/rdppm/pbm_getc,6212.969230769231
cbench-consumer-jpeg-c/rdppm/read_pbm_integer,33061.53333333333
cbench-consumer-jpeg-c/jerror/emit_message,7127.3
cbench-consumer-jpeg-c/rdppm/start_input_ppm,38200.7
cbench-consumer-jpeg-c/jcparam/fill_dc_scans,6164.1
cbench-consumer-jpeg-c/jcparam/jpeg_simple_progression,74432.3
cbench-consumer-jpeg-c/jdatadst/jpeg_stdio_dest,12666.2
cbench-consumer-jpeg-c/jcapimin/jpeg_suppress_tables,7285.3
cbench-consumer-jpeg-c/jcmaster/initial_setup,87789.1
cbench-consumer-jpeg-c/jcmaster/validate_script,17132.7
cbench-consumer-jpeg-c/jcmaster/jinit_c_master_control,25563.2
cbench-consumer-jpeg-c/jccolor/jinit_color_converter,12996.8
cbench-consumer-jpeg-c/jcsample/jinit_downsampler,12735.6
cbench-consumer-jpeg-c/jmemmgr/alloc_large,12552.377777777778
cbench-consumer-jpeg-c/jmemmgr/alloc_sarray,17930.083333333332
cbench-consumer-jpeg-c/jcprepct/jinit_c_prep_controller,29877.7
cbench-consumer-jpeg-c/jcdctmgr/jinit_forward_dct,13319.4
cbench-consumer-jpeg-c/jcphuff/jinit_phuff_encoder,12312.5
cbench-consumer-jpeg-c/jmemmgr/request_virt_barray,11915.966666666667
cbench-consumer-jpeg-c/jccoefct/jinit_c_coef_controller,68186
cbench-consumer-jpeg-c/jcmainct/jinit_c_main_controller,30219.7
cbench-consumer-jpeg-c/jmemmgr/alloc_barray,18150.9
cbench-consumer-jpeg-c/jmemmgr/realize_virt_arrays,32661.4
cbench-consumer-jpeg-c/jcmarker/emit_byte,5277.157993730408
cbench-consumer-jpeg-c/jcmarker/write_file_header,18362
cbench-consumer-jpeg-c/jcinit/jinit_compress_master,78140.7
cbench-consumer-jpeg-c/jcmaster/select_scan_parameters,5636.05
cbench-consumer-jpeg-c/jcmaster/per_scan_setup,7957.55
cbench-consumer-jpeg-c/jccolor/rgb_ycc_start,22709.8
cbench-consumer-jpeg-c/jcprepct/start_pass_prep,6117.2
cbench-consumer-jpeg-c/jcdctmgr/start_pass_fdctmgr,22062.5
cbench-consumer-jpeg-c/jcphuff/start_pass_phuff,9896.784210526315
cbench-consumer-jpeg-c/jctrans/start_iMCU_row,5450.103759398497
cbench-consumer-jpeg-c/jctrans/start_pass_coef,10743.694736842106
cbench-consumer-jpeg-c/jcmainct/start_pass_main,6091.1
cbench-consumer-jpeg-c/jcmaster/prepare_for_pass,27050.657894736843
cbench-consumer-jpeg-c/jcapistd/jpeg_start_compress,37288.5
cbench-consumer-jpeg-c/rdppm/get_raw_row,6234.408173076923
cbench-consumer-jpeg-c/jccolor/rgb_ycc_convert,10061.405769230769
cbench-consumer-jpeg-c/jcprepct/pre_process_data,13695.591818181818
cbench-consumer-jpeg-c/jcmainct/process_data_simple_main,11841.182211538462
cbench-consumer-jpeg-c/jcapistd/jpeg_write_scanlines,11153.125
cbench-consumer-jpeg-c/jutils/jcopy_sample_rows,5738.513461538461
cbench-consumer-jpeg-c/jcsample/expand_right_edge,5673.410897435898
cbench-consumer-jpeg-c/jcsample/h2v2_downsample,12032.036538461538
cbench-consumer-jpeg-c/jcsample/sep_downsample,22334.748076923075
cbench-consumer-jpeg-c/jmemmgr/access_virt_barray,5565.438186813187
cbench-consumer-jpeg-c/jfdctint/jpeg_fdct_islow,6698.2366586538465
cbench-consumer-jpeg-c/jcdctmgr/forward_DCT,134081.35
cbench-consumer-jpeg-c/jcphuff/emit_symbol,7912.185149141546
cbench-consumer-jpeg-c/jchuff/emit_bits,5262.325292936837
cbench-consumer-jpeg-c/jcphuff/encode_mcu_DC_first,60314.87797202797
cbench-consumer-jpeg-c/jctrans/compress_output,149959.03684210527
cbench-consumer-jpeg-c/jccoefct/compress_first_pass,62670.53076923077
cbench-consumer-jpeg-c/jcphuff/emit_eobrun,7336.435778505507
cbench-consumer-jpeg-c/jchuff/jpeg_gen_optimal_table,130913.52
cbench-consumer-jpeg-c/jcphuff/finish_pass_gather_phuff,17685.78888888889
cbench-consumer-jpeg-c/jcmaster/finish_pass_master,11091.231578947369
cbench-consumer-jpeg-c/jchuff/jpeg_make_c_derived_tbl,7643.918181818181
cbench-consumer-jpeg-c/jcmarker/emit_dqt,245802.6
cbench-consumer-jpeg-c/jcmarker/emit_sof,86683.9
cbench-consumer-jpeg-c/jcmarker/write_frame_header,26916.4
cbench-consumer-jpeg-c/jcmarker/emit_dht,164956.21818181817
cbench-consumer-jpeg-c/jcmarker/emit_sos,52242.42
cbench-consumer-jpeg-c/jcmarker/write_scan_header,16723.09
cbench-consumer-jpeg-c/jchuff/flush_bits,10511.9
cbench-consumer-jpeg-c/jcphuff/encode_mcu_AC_first,25472.287844702467
cbench-consumer-jpeg-c/jcphuff/emit_buffered_bits,7303.25133220554
cbench-consumer-jpeg-c/jcphuff/encode_mcu_AC_refine,129842.88327285921
cbench-consumer-jpeg-c/jdatadst/empty_output_buffer,53178
cbench-consumer-jpeg-c/jchuff/dump_buffer,13102
cbench-consumer-jpeg-c/jcphuff/encode_mcu_DC_refine,37122.93356643357
cbench-consumer-jpeg-c/jdatadst/term_destination,25462.6
cbench-consumer-jpeg-c/jmemmgr/free_pool,29218.7
cbench-consumer-jpeg-c/jcomapi/jpeg_abort,10982.7
cbench-consumer-jpeg-c/jcapimin/jpeg_finish_compress,1488042.8
cbench-consumer-jpeg-c/jmemmgr/self_destruct,27051.2
cbench-consumer-jpeg-c/jcomapi/jpeg_destroy,12227.1
cbench-consumer-jpeg-c/cjpeg/main1,6799038.3
cbench-consumer-jpeg-c/ctuning-rtl/main,826014
milepost-codelet-mibench-consumer-lame-src-quantize-pvt-codelet-6-1/quantize-pvt.codelet__6/astex_codelet__6,9088.162678
milepost-codelet-mibench-consumer-lame-src-quantize-pvt-codelet-6-1/quantize-pvt.codelet__6.wrapper/main,5274166837
polybench-cpu-trmm/trmm/init_array,50498
polybench-cpu-trmm/trmm/kernel_trmm,24652.047627546297
polybench-cpu-trmm/trmm/print_array,5064811
polybench-cpu-trmm/trmm/main,2406099045
polybench-cpu-dynprog/dynprog/init_array,41820
polybench-cpu-dynprog/dynprog/kernel_dynprog,97874.21368
polybench-cpu-dynprog/dynprog/main,558455491
milepost-codelet-mibench-security-pgp-e-src-mpilib-codelet-3-1/mpilib.codelet__3/astex_codelet__3,5684.657725
milepost-codelet-mibench-security-pgp-e-src-mpilib-codelet-3-1/mpilib.codelet__3.wrapper/main,5451519962
milepost-codelet-mibench-consumer-tiffmedian-src-tiffmedian-codelet-1-1/tiffmedian.codelet__1/astex_codelet__1,5822.264713
milepost-codelet-mibench-consumer-tiffmedian-src-tiffmedian-codelet-1-1/tiffmedian.codelet__1.wrapper/main,5355192544
polybench-cpu-medley-floyd-warshall/floyd-warshall/init_array,38880
polybench-cpu-medley-floyd-warshall/floyd-warshall/kernel_floyd_warshall,66831.25105163382
polybench-cpu-medley-floyd-warshall/floyd-warshall/print_array,1559618
polybench-cpu-medley-floyd-warshall/floyd-warshall/main,956493397
polybench-cpu-3mm/3mm/init_array,30872
polybench-cpu-3mm/3mm/kernel_3mm,124861.34295
polybench-cpu-3mm/3mm/print_array,1991584
polybench-cpu-3mm/3mm/main,607382650
cbench-consumer-tiff2rgba/tiffmedian/processCompressOptions,22584
cbench-consumer-tiff2rgba/tif_open/_TIFFgetMode,5723.931137724551
cbench-consumer-tiff2rgba/tif_open/TIFFInitOrder,5716.661676646707
cbench-consumer-tiff2rgba/tif_dirread/CheckMalloc,10983.802395209581
cbench-consumer-tiff2rgba/tif_dir/TIFFFreeDirectory,17945.33982035928
cbench-consumer-tiff2rgba/tif_dirinfo/_TIFFMergeFieldInfo,427766.23353293416
cbench-consumer-tiff2rgba/tif_dirinfo/_TIFFSetupFieldInfo,13074.712574850299
cbench-consumer-tiff2rgba/tif_dirinfo/_TIFFFindFieldInfo,5488.416123635083
cbench-consumer-tiff2rgba/tif_dir/OkToChangeTag,11047.907457811649
cbench-consumer-tiff2rgba/tif_compress/TIFFFindCODEC,5429.25
cbench-consumer-tiff2rgba/tif_compress/TIFFSetCompressionScheme,22192.49251497006
cbench-consumer-tiff2rgba/tif_dirinfo/_TIFFFieldWithTag,10833.169787008263
cbench-consumer-tiff2rgba/tif_dir/_TIFFVSetField,18281.03873502994
cbench-consumer-tiff2rgba/tif_dir/TIFFVSetField,16686.828706223914
cbench-consumer-tiff2rgba/tif_dir/TIFFDefaultDirectory,22256.576846307384
cbench-consumer-tiff2rgba/tif_dirread/CheckDirCount,5425.25615435795
cbench-consumer-tiff2rgba/tif_dirread/TIFFFetchNormalTag,23977.388023952095
cbench-consumer-tiff2rgba/tif_dir/TIFFReassignTagToIgnore,5529.726214238191
cbench-consumer-tiff2rgba/tif_dirinfo/tagCompare,5411.344114402774
cbench-consumer-tiff2rgba/tif_lzw/TIFFInitLZW,16797.676646706586
cbench-consumer-tiff2rgba/tif_predict/PredictorVSetField,10484.824044219255
cbench-consumer-tiff2rgba/tif_strip/TIFFNumberOfStrips,5593.556886227545
cbench-consumer-tiff2rgba/tif_dirread/TIFFFetchData,16445.80496150556
cbench-consumer-tiff2rgba/tif_dirread/TIFFFetchShortArray,11147.56886227545
cbench-consumer-tiff2rgba/tif_dirread/TIFFFetchPerSampleShorts,16767.610778443115
cbench-consumer-tiff2rgba/tif_dirread/TIFFFetchString,11078.011976047905
cbench-consumer-tiff2rgba/tif_dir/_TIFFsetByteArray,16412.09101796407
cbench-consumer-tiff2rgba/tif_dirread/TIFFFetchLongArray,10922.170658682635
cbench-consumer-tiff2rgba/tif_dirread/TIFFFetchStripThing,21745.40119760479
cbench-consumer-tiff2rgba/tif_dirread/cvtRational,5575.008982035928
cbench-consumer-tiff2rgba/tif_dirread/TIFFFetchRational,16511.69760479042
cbench-consumer-tiff2rgba/tif_tile/TIFFTileRowSize,5443.685628742515
cbench-consumer-tiff2rgba/tif_tile/TIFFVTileSize,10956.889221556887
cbench-consumer-tiff2rgba/tif_strip/TIFFScanlineSize,5522.978043912176
cbench-consumer-tiff2rgba/tif_dirread/TIFFReadDirectory,352973.02994011977
cbench-consumer-tiff2rgba/tif_open/TIFFClientOpen,52979.296407185626
cbench-consumer-tiff2rgba/tif_unix/TIFFFdOpen,13693.06886227545
cbench-consumer-tiff2rgba/tif_unix/TIFFOpen,53520.16467065868
cbench-consumer-tiff2rgba/tif_dir/_TIFFVGetField,5569.106523794516
cbench-consumer-tiff2rgba/tif_predict/PredictorVGetField,10954.80738522954
cbench-consumer-tiff2rgba/tif_dir/TIFFVGetField,15084.769211576846
cbench-consumer-tiff2rgba/tif_read/TIFFCheckRead,5358.948353293413
cbench-consumer-tiff2rgba/tif_read/TIFFReadBufferSetup,15541.70508982036
cbench-consumer-tiff2rgba/tif_read/TIFFReadRawStrip1,16576.360663288808
cbench-consumer-tiff2rgba/tif_lzw/LZWSetupDecode,15621.880239520959
cbench-consumer-tiff2rgba/tif_predict/PredictorSetup,11548.173652694612
cbench-consumer-tiff2rgba/tif_predict/PredictorSetupDecode,17117.305389221558
cbench-consumer-tiff2rgba/tif_lzw/LZWPreDecode,11594.025103638876
cbench-consumer-tiff2rgba/tif_read/TIFFStartStrip,11120.660064486412
cbench-consumer-tiff2rgba/tif_read/TIFFFillStrip,17360.25241824044
cbench-consumer-tiff2rgba/tif_read/TIFFSeek,5769.898016467066
cbench-consumer-tiff2rgba/tif_lzw/LZWDecode,22622.856820013818
cbench-consumer-tiff2rgba/tif_predict/horAcc8,7673.979229041916
cbench-consumer-tiff2rgba/tif_predict/PredictorDecodeRow,16447.099867572546
cbench-consumer-tiff2rgba/tif_read/TIFFReadScanline,27039.36439140949
cbench-consumer-tiff2rgba/tiffmedian/get_histogram,2040840.6526946109
cbench-consumer-tiff2rgba/tiffmedian/largest_box,7520.765386873312
cbench-consumer-tiff2rgba/tiffmedian/shrinkbox,6337.763167782083
cbench-consumer-tiff2rgba/tiffmedian/splitbox,18854.01981918516
cbench-consumer-tiff2rgba/tiffmedian/create_colorcell,259003.45908183634
cbench-consumer-tiff2rgba/tiffmedian/map_colortable,894796.1137724551
cbench-consumer-tiff2rgba/tif_strip/_TIFFDefaultStripSize,11038.02994011976
cbench-consumer-tiff2rgba/tif_write/TIFFSetupStrips,27708.71856287425
cbench-consumer-tiff2rgba/tif_write/TIFFWriteCheck,22509.017964071856
cbench-consumer-tiff2rgba/tif_write/TIFFWriteBufferSetup,11680.389221556887
cbench-consumer-tiff2rgba/tif_write/TIFFFlushData1,10331.443113772455
cbench-consumer-tiff2rgba/tif_flush/TIFFFlushData,15660.05888223553
cbench-consumer-tiff2rgba/tif_dumpmode/DumpModeEncode,10868.558786273607
cbench-consumer-tiff2rgba/tif_write/TIFFWriteScanline,11351.006275909718
cbench-consumer-tiff2rgba/tif_write/TIFFAppendToStrip,17804.958083832335
cbench-consumer-tiff2rgba/tif_write/TIFFGrowStrips,27592.06886227545
cbench-consumer-tiff2rgba/tiffmedian/quant,2873089.5508982036
cbench-consumer-tiff2rgba/tif_lzw/LZWCleanup,16976.311377245507
cbench-consumer-tiff2rgba/tif_close/TIFFClose,41242.94910179641
cbench-consumer-tiff2rgba/tif_dirwrite/TIFFLinkDirectory,21933.28143712575
cbench-consumer-tiff2rgba/tif_dirwrite/TIFFSetupShortLong,5456.471057884231
cbench-consumer-tiff2rgba/tif_dirwrite/TIFFWriteShortArray,5619.892215568862
cbench-consumer-tiff2rgba/tif_dirwrite/TIFFWritePerSampleShorts,16779.413173652694
cbench-consumer-tiff2rgba/tif_dirwrite/TIFFWriteNormalTag,10855.601796407185
cbench-consumer-tiff2rgba/tif_dirwrite/TIFFWriteData,16231.386655260907
cbench-consumer-tiff2rgba/tif_dirwrite/TIFFWriteLongArray,10887.101796407185
cbench-consumer-tiff2rgba/tif_dirwrite/TIFFWriteRationalArray,21817.413173652694
cbench-consumer-tiff2rgba/tif_dirwrite/TIFFWriteShortTable,21866.215568862277
cbench-consumer-tiff2rgba/tif_dirwrite/TIFFWriteDirectory,169288.8143712575
cbench-consumer-tiff2rgba/tif_flush/TIFFFlush,16518.071856287424
cbench-consumer-tiff2rgba/tiffmedian/main1,2984667.6706586825
cbench-consumer-tiff2rgba/ctuning-rtl/main,1577366
cbench-automotive-bitcount/bitcnt_1/bit_count,5397.032290666667
cbench-automotive-bitcount/bitcnt_4/ntbl_bitcnt,9775.94148525179
cbench-automotive-bitcount/bitcnts/bit_shifter,5594.312365333333
cbench-automotive-bitcount/bitcnts/main,45562800005
milepost-codelet-mibench-consumer-tiffdither-src-tif-fax3-codelet-9-1/tif_fax3.codelet__9/astex_codelet__9,5446.003114
milepost-codelet-mibench-consumer-tiffdither-src-tif-fax3-codelet-9-1/tif_fax3.codelet__9.wrapper/main,5419239416
polybench-cpu-cholesky/cholesky/init_array,37238
polybench-cpu-cholesky/cholesky/kernel_cholesky,11885.959688874207
polybench-cpu-cholesky/cholesky/print_array,1493428
polybench-cpu-cholesky/cholesky/main,4147179804
cbench-office-stringsearch2/fgg_search/local_strncmp,5551.359906878679
cbench-office-stringsearch2/fgg_search/strsearch2,232449.97212765957
cbench-office-stringsearch2/fgg_search/main,158437259
polybench-cpu-seidel-2d/seidel-2d/init_array,41964
polybench-cpu-seidel-2d/seidel-2d/kernel_seidel_2d,81113.35259321379
polybench-cpu-seidel-2d/seidel-2d/print_array,1592451
polybench-cpu-seidel-2d/seidel-2d/main,828840699
polybench-cpu-lu/lu/init_array,40528
polybench-cpu-lu/lu/kernel_lu,18990.918280745413
polybench-cpu-lu/lu/print_array,1431235
polybench-cpu-lu/lu/main,2934194597
polybench-cpu-jacobi-2d-imper/jacobi-2d-imper/init_array,21240
polybench-cpu-jacobi-2d-imper/jacobi-2d-imper/kernel_jacobi_2d_imper,49898.12284084153
polybench-cpu-jacobi-2d-imper/jacobi-2d-imper/print_array,1614826
polybench-cpu-jacobi-2d-imper/jacobi-2d-imper/main,1344862298
polybench-cpu-syrk/syrk/init_array,51264
polybench-cpu-syrk/syrk/kernel_syrk,47345.66691609765
polybench-cpu-syrk/syrk/print_array,1396329
polybench-cpu-syrk/syrk/main,1365587889
cbench-bzip2/bzip2/copyFileName,6084.084615384615
cbench-bzip2/bzip2/addFlagsFromEnvVar,6327.442307692308
cbench-bzip2/bzip2/myMalloc,5400.2307692307695
cbench-bzip2/bzip2/snocString,14030.532967032967
cbench-bzip2/bzip2/hasSuffix,5844.711538461538
cbench-bzip2/bzip2/mapSuffix,12797.692307692309
cbench-bzip2/bzip2/fileExists,20132.94230769231
cbench-bzip2/bzip2/saveInputFileMetaInfo,16226.615384615385
cbench-bzip2/bzip2/fopen_output_safely,41109.21153846154
cbench-bzip2/bzlib/BZ2_bzDecompressInit,17955.673076923078
cbench-bzip2/bzlib/BZ2_bzReadOpen,14113.634615384615
cbench-bzip2/bzip2/myfeof,5906.762195121952
cbench-bzip2/decompress/makeMaps_d,8484.557692307691
cbench-bzip2/decompress/BZ2_decompress,1843079.3967307692
cbench-bzip2/bzlib/BZ2_bzDecompress,14694.098372781065
cbench-bzip2/huffman/BZ2_hbCreateDecodeTables,8214.36858974359
cbench-bzip2/bzlib/unRLE_obuf_to_output_FAST,258853.1298076923
cbench-bzip2/bzlib/BZ2_bzRead,28059.251520572452
cbench-bzip2/bzlib/BZ2_bzReadGetUnused,5878.096153846154
cbench-bzip2/bzlib/default_bzfree,11065.932692307691
cbench-bzip2/bzlib/BZ2_bzDecompressEnd,17348.73076923077
cbench-bzip2/bzlib/BZ2_bzReadClose,11577.192307692309
cbench-bzip2/bzip2/applySavedFileAttrToOutputFile,22810.94230769231
cbench-bzip2/bzip2/uncompressStream,4300107.384615385
cbench-bzip2/bzip2/applySavedTimeInfoToOutputFile,15770.038461538461
cbench-bzip2/bzip2/uncompress,532225.75
cbench-bzip2/bzip2/main1,78911.57692307692
cbench-bzip2/ctuning-rtl/main,810282
cbench-consumer-tiff2dither/tif_open/_TIFFgetMode,10147.355876865671
cbench-consumer-tiff2dither/tif_open/TIFFInitOrder,5612.827425373134
cbench-consumer-tiff2dither/tif_dirinfo/_TIFFMergeFieldInfo,423112.9197761194
cbench-consumer-tiff2dither/tif_dirinfo/_TIFFSetupFieldInfo,12806.99315920398
cbench-consumer-tiff2dither/tif_dirinfo/_TIFFFindFieldInfo,5415.3767394231845
cbench-consumer-tiff2dither/tif_dir/OkToChangeTag,10643.964792970632
cbench-consumer-tiff2dither/tif_compress/TIFFFindCODEC,5390.682835820896
cbench-consumer-tiff2dither/tif_compress/TIFFSetCompressionScheme,21869.22276119403
cbench-consumer-tiff2dither/tif_dirinfo/_TIFFFieldWithTag,10666.540150276018
cbench-consumer-tiff2dither/tif_dir/_TIFFVSetField,17934.67013721714
cbench-consumer-tiff2dither/tif_dir/TIFFVSetField,15962.102792489168
cbench-consumer-tiff2dither/tif_dir/TIFFDefaultDirectory,22017.144278606964
cbench-consumer-tiff2dither/tif_open/TIFFClientOpen,61391.38526119403
cbench-consumer-tiff2dither/tif_unix/TIFFFdOpen,23488.680037313432
cbench-consumer-tiff2dither/tif_unix/TIFFOpen,1440804.2388059702
cbench-consumer-tiff2dither/tif_dirread/CheckMalloc,10734.181436567163
cbench-consumer-tiff2dither/tif_dir/TIFFFreeDirectory,15096.399253731342
cbench-consumer-tiff2dither/tif_dirread/CheckDirCount,5365.7069029850745
cbench-consumer-tiff2dither/tif_dirread/TIFFFetchNormalTag,23549.027985074626
cbench-consumer-tiff2dither/tif_dir/TIFFReassignTagToIgnore,5427.503464818763
cbench-consumer-tiff2dither/tif_dirinfo/tagCompare,5358.320349322466
cbench-consumer-tiff2dither/tif_lzw/TIFFInitLZW,16625.27985074627
cbench-consumer-tiff2dither/tif_predict/PredictorVSetField,10674.869817578772
cbench-consumer-tiff2dither/tif_strip/TIFFNumberOfStrips,5587.915111940299
cbench-consumer-tiff2dither/tif_dirread/TIFFFetchLongArray,5379.058768656716
cbench-consumer-tiff2dither/tif_dirread/TIFFFetchStripThing,21654.138992537315
cbench-consumer-tiff2dither/tif_dirread/TIFFFetchData,16278.85447761194
cbench-consumer-tiff2dither/tif_dirread/cvtRational,5391.109141791045
cbench-consumer-tiff2dither/tif_dirread/TIFFFetchRational,16228.615671641792
cbench-consumer-tiff2dither/tif_dirread/TIFFFetchString,10770.235074626866
cbench-consumer-tiff2dither/tif_dir/_TIFFsetByteArray,16297.51368159204
cbench-consumer-tiff2dither/tif_tile/TIFFTileRowSize,5415.285447761194
cbench-consumer-tiff2dither/tif_tile/TIFFVTileSize,10904.574626865671
cbench-consumer-tiff2dither/tif_strip/TIFFScanlineSize,5415.967393949225
cbench-consumer-tiff2dither/tif_dirread/TIFFReadDirectory,143265.76679104476
cbench-consumer-tiff2dither/tif_dir/_TIFFVGetField,5509.115827114428
cbench-consumer-tiff2dither/tif_predict/PredictorVGetField,10805.91592039801
cbench-consumer-tiff2dither/tif_dir/TIFFVGetField,15167.119660319095
cbench-consumer-tiff2dither/tif_dir/setExtraSamples,11010.617537313432
cbench-consumer-tiff2dither/tif_strip/_TIFFDefaultStripSize,5564.358208955224
cbench-consumer-tiff2dither/tif_aux/TIFFVGetFieldDefaulted,10890.857675906183
cbench-consumer-tiff2dither/tif_getimage/makebwmap,15463.173507462687
cbench-consumer-tiff2dither/tif_getimage/setupMap,24648.25932835821
cbench-consumer-tiff2dither/tif_getimage/buildMap,10965.451492537313
cbench-consumer-tiff2dither/tif_getimage/pickTileContigCase,11101.074626865671
cbench-consumer-tiff2dither/tif_getimage/TIFFRGBAImageBegin,65828.04477611941
cbench-consumer-tiff2dither/tif_strip/TIFFVStripSize,10933.388059701492
cbench-consumer-tiff2dither/tif_strip/TIFFStripSize,10843.634328358208
cbench-consumer-tiff2dither/tif_getimage/setorientation,5799.0932835820895
cbench-consumer-tiff2dither/tif_strip/TIFFComputeStrip,5478.8414179104475
cbench-consumer-tiff2dither/tif_read/TIFFCheckRead,5491.134328358209
cbench-consumer-tiff2dither/tif_read/TIFFReadBufferSetup,11776.669776119403
cbench-consumer-tiff2dither/tif_read/TIFFReadRawStrip1,18411.001865671642
cbench-consumer-tiff2dither/tif_lzw/LZWSetupDecode,19157.83395522388
cbench-consumer-tiff2dither/tif_predict/PredictorSetup,5692.837686567164
cbench-consumer-tiff2dither/tif_predict/PredictorSetupDecode,17723.513059701494
cbench-consumer-tiff2dither/tif_lzw/LZWPreDecode,12510.820895522387
cbench-consumer-tiff2dither/tif_read/TIFFStartStrip,17248.376865671642
cbench-consumer-tiff2dither/tif_read/TIFFFillStrip,23044.162313432837
cbench-consumer-tiff2dither/tif_lzw/LZWDecode,1312596.052238806
cbench-consumer-tiff2dither/tif_read/TIFFReadEncodedStrip,36735.30597014925
cbench-consumer-tiff2dither/tif_getimage/putgreytile,226004.14179104476
cbench-consumer-tiff2dither/tif_getimage/gtStripContig,58527.5802238806
cbench-consumer-tiff2dither/tif_getimage/TIFFRGBAImageGet,11208.860074626866
cbench-consumer-tiff2dither/tif_getimage/TIFFRGBAImageEnd,11170.59328358209
cbench-consumer-tiff2dither/tif_getimage/TIFFReadRGBAImage,23037.455223880595
cbench-consumer-tiff2dither/tif_write/TIFFSetupStrips,32561.42723880597
cbench-consumer-tiff2dither/tif_write/TIFFWriteCheck,21840.45895522388
cbench-consumer-tiff2dither/tif_write/TIFFWriteBufferSetup,11295.018656716418
cbench-consumer-tiff2dither/tif_packbits/PackBitsPreEncode,10809.8467039801
cbench-consumer-tiff2dither/tif_packbits/PackBitsEncode,16037.990250071756
cbench-consumer-tiff2dither/tif_packbits/PackBitsEncodeChunk,68194.88132255389
cbench-consumer-tiff2dither/tif_write/TIFFAppendToStrip,17177.748963515754
cbench-consumer-tiff2dither/tif_write/TIFFWriteEncodedStrip,28192.97014925373
cbench-consumer-tiff2dither/tiff2rgba/cvt_whole_image,1813921.4347014925
cbench-consumer-tiff2dither/tiff2rgba/tiffcvt,129882.09141791044
cbench-consumer-tiff2dither/tif_dirwrite/TIFFLinkDirectory,21514.565298507463
cbench-consumer-tiff2dither/tif_dirwrite/TIFFSetupShortLong,5392.881218905472
cbench-consumer-tiff2dither/tif_dirwrite/TIFFWriteData,16183.511815920398
cbench-consumer-tiff2dither/tif_dirwrite/TIFFWriteShortArray,8183.414179104478
cbench-consumer-tiff2dither/tif_dirwrite/TIFFWritePerSampleShorts,16593.875
cbench-consumer-tiff2dither/tif_dirwrite/TIFFWriteNormalTag,12155.836287313432
cbench-consumer-tiff2dither/tif_dirwrite/TIFFWriteLongArray,10624.018656716418
cbench-consumer-tiff2dither/tif_dirwrite/TIFFWriteRationalArray,21764.47014925373
cbench-consumer-tiff2dither/tif_dirwrite/TIFFWriteByteArray,10831.30223880597
cbench-consumer-tiff2dither/tif_dirwrite/TIFFWriteDirectory,171571.28917910447
cbench-consumer-tiff2dither/tif_lzw/LZWCleanup,16294.869402985074
cbench-consumer-tiff2dither/tif_close/TIFFClose,43409.69496268657
cbench-consumer-tiff2dither/tif_flush/TIFFFlushData,5557.223880597015
cbench-consumer-tiff2dither/tif_flush/TIFFFlush,10916.625
cbench-consumer-tiff2dither/tiff2rgba/main1,44763.21828358209
cbench-consumer-tiff2dither/ctuning-rtl/main,3684314
